[
  {"id": "1", "name": "Grand Piano"},
  {"id": "2", "name": "Bright Piano"},
  {"id": "3", "name": "Honky-tonk Piano"},
  {"id": "4", "name": "MIDI Grand Piano"},
  {"id": "5", "name": "Harpsichord"},
  {"id": "6", "name": "Electric Piano 1"},
  {"id": "7", "name": "Electric Piano 2"},
  {"id": "8", "name": "Electric Grand Piano"},
  {"id": "9", "name": "Clavi"},
  {"id": "10", "name": "Drawbar Organ"},
  {"id": "11", "name": "Percussive Organ"},
  {"id": "12", "name": "Rock Organ"},
  {"id": "13", "name": "Church Organ"},
  {"id": "14", "name": "Reed Organ"},
  {"id": "15", "name": "Accordion"},
  {"id": "16", "name": "Tango Accordion"},
  {"id": "17", "name": "Harmonica"},
  {"id": "18", "name": "Strings"},
  {"id": "19", "name": "Strings 2"},
  {"id": "20", "name": "Synth Strings 1"},
  {"id": "21", "name": "Synth Strings 2"},
  {"id": "22", "name": "Marcato Strings"},
  {"id": "23", "name": "Tremolo Strings"},
  {"id": "24", "name": "Pizzicato Strings"},
  {"id": "25", "name": "Violin"},
  {"id": "26", "name": "Viola"},
  {"id": "27", "name": "Cello"},
  {"id": "28", "name": "Contrabass"},
  {"id": "29", "name": "Orchestral Harp"},
  {"id": "30", "name": "Orchestra Hit"},
  {"id": "31", "name": "Nylon Guitar"},
  {"id": "32", "name": "Steel Guitar"},
  {"id": "33", "name": "Jazz Guitar"},
  {"id": "34", "name": "Clean Guitar"},
  {"id": "35", "name": "Muted Guitar"},
  {"id": "36", "name": "Overdriven Guitar"},
  {"id": "37", "name": "Distortion Guitar"},
  {"id": "38", "name": "Guitar Harmonics"},
  {"id": "39", "name": "Acoustic Bass"},
  {"id": "40", "name": "Finger Bass"},
  {"id": "41", "name": "Pick Bass"},
  {"id": "42", "name": "Fretless Bass"},
  {"id": "43", "name": "Slap Bass 1"},
  {"id": "44", "name": "Slap Bass 2"},
  {"id": "45", "name": "Synth Bass 1"},
  {"id": "46", "name": "Synth Bass 2"},
  {"id": "47", "name": "Choir Aahs"},
  {"id": "48", "name": "Voice Oohs"},
  {"id": "49", "name": "Synth Voice"},
  {"id": "50", "name": "Trumpet"},
  {"id": "51", "name": "Muted Trumpet"},
  {"id": "52", "name": "Trombone"},
  {"id": "53", "name": "French Horn"},
  {"id": "54", "name": "Tuba"},
  {"id": "55", "name": "Brass Section"},
  {"id": "56", "name": "Synth Brass"},
  {"id": "57", "name": "Funky Analog"},
  {"id": "58", "name": "Techno Brass"},
  {"id": "59", "name": "Synth Brass 1"},
  {"id": "60", "name": "Synth Brass 2"},
  {"id": "61", "name": "Tenor Sax"},
  {"id": "62", "name": "Alto Sax"},
  {"id": "63", "name": "Soprano Sax"},
  {"id": "64", "name": "Baritone Sax"},
  {"id": "65", "name": "Oboe"},
  {"id": "66", "name": "Clarinet"},
  {"id": "67", "name": "English Horn"},
  {"id": "68", "name": "Bassoon"},
  {"id": "69", "name": "Flute"},
  {"id": "70", "name": "Piccolo"},
  {"id": "71", "name": "Pan Flute"},
  {"id": "72", "name": "Recorder"},
  {"id": "73", "name": "Blown Bottle"},
  {"id": "74", "name": "Shakuhachi"},
  {"id": "75", "name": "Whistle"},
  {"id": "76", "name": "Ocarina"},
  {"id": "77", "name": "Funky Lead"},
  {"id": "78", "name": "Portatone"},
  {"id": "79", "name": "UnderHeim"},
  {"id": "80", "name": "Square Lead"},
  {"id": "81", "name": "Sawtooth Lead"},
  {"id": "82", "name": "Calliope Lead"},
  {"id": "83", "name": "Chiff Lead"},
  {"id": "84", "name": "Charang Lead"},
  {"id": "85", "name": "Voice Lead"},
  {"id": "86", "name": "Fifths Lead"},
  {"id": "87", "name": "Bass & Lead"},
  {"id": "88", "name": "Fantasia"},
  {"id": "89", "name": "Symbiont"},
  {"id": "90", "name": "Sweet Heaven"},
  {"id": "91", "name": "Dream Heaven"},
  {"id": "92", "name": "New Age Pad"},
  {"id": "93", "name": "Warm Pad"},
  {"id": "94", "name": "Poly Synth Pad"},
  {"id": "95", "name": "Choir Pad"},
  {"id": "96", "name": "Bowed Pad"},
  {"id": "97", "name": "Metallic Pad"},
  {"id": "98", "name": "Halo Pad"},
  {"id": "99", "name": "Sweep Pad"},
  {"id": "100", "name": "Vibraphone"},
  {"id": "101", "name": "Marimba"},
  {"id": "102", "name": "Xylophone"},
  {"id": "103", "name": "Steel Drums"},
  {"id": "104", "name": "Celesta"},
  {"id": "105", "name": "Music Box"},
  {"id": "106", "name": "Tubular Bells"},
  {"id": "107", "name": "Timpani"},
  {"id": "108", "name": "Glockenspiel"},
  {"id": "109", "name": "Tinkle Bell"},
  {"id": "110", "name": "Agogo"},
  {"id": "111", "name": "Woodblock"},
  {"id": "112", "name": "Taiko Drum"},
  {"id": "113", "name": "Melodic Tom"},
  {"id": "114", "name": "Synth Drum"},
  {"id": "115", "name": "Reverse Cymbal"},
  {"id": "116", "name": "Sitar"},
  {"id": "117", "name": "Dulcimer"},
  {"id": "118", "name": "Banjo"},
  {"id": "119", "name": "Shamisen"},
  {"id": "120", "name": "Koto"},
  {"id": "121", "name": "Kalimba"},
  {"id": "122", "name": "Bagpipe"},
  {"id": "123", "name": "Fiddle"},
  {"id": "124", "name": "Shanai"},
  {"id": "125", "name": "Rain"},
  {"id": "126", "name": "Sound Track"},
  {"id": "127", "name": "Crystal"},
  {"id": "128", "name": "Atmosphere"},
  {"id": "129", "name": "Brightness"},
  {"id": "130", "name": "Goblins"},
  {"id": "131", "name": "Echoes"},
  {"id": "132", "name": "Sci-Fi"},
  {"id": "133", "name": "Fret Noise"},
  {"id": "134", "name": "Breath Noise"},
  {"id": "135", "name": "Seashore"},
  {"id": "136", "name": "Bird Tweet"},
  {"id": "137", "name": "Telephone Ring"},
  {"id": "138", "name": "Helicopter"},
  {"id": "139", "name": "Applause"},
  {"id": "140", "name": "Gunshot"}
]