{
    "1": {"id": "1", "name": "Grand Piano"},
    "2": {"id": "2", "name": "Bright Piano"},
    "3": {"id": "3", "name": "Honky-tonk Piano"},
    "4": {"id": "4", "name": "MIDI Grand Piano"},
    "5": {"id": "5", "name": "Harpsichord"},
    "6": {"id": "6", "name": "Electric Piano 1"},
    "7": {"id": "7", "name": "Electric Piano 2"},
    "8": {"id": "8", "name": "Electric Grand Piano"},
    "9": {"id": "9", "name": "Clavi"},
    "10": {"id": "10", "name": "Drawbar Organ"},
    "11": {"id": "11", "name": "Percussive Organ"},
    "12": {"id": "12", "name": "Rock Organ"},
    "13": {"id": "13", "name": "Church Organ"},
    "14": {"id": "14", "name": "Reed Organ"},
    "15": {"id": "15", "name": "Accordion"},
    "16": {"id": "16", "name": "Tango Accordion"},
    "17": {"id": "17", "name": "Harmonica"},
    "18": {"id": "18", "name": "Strings"},
    "19": {"id": "19", "name": "Strings 2"},
    "20": {"id": "20", "name": "Synth Strings 1"},
    "21": {"id": "21", "name": "Synth Strings 2"},
    "22": {"id": "22", "name": "Marcato Strings"},
    "23": {"id": "23", "name": "Tremolo Strings"},
    "24": {"id": "24", "name": "Pizzicato Strings"},
    "25": {"id": "25", "name": "Violin"},
    "26": {"id": "26", "name": "Viola"},
    "27": {"id": "27", "name": "Cello"},
    "28": {"id": "28", "name": "Contrabass"},
    "29": {"id": "29", "name": "Orchestral Harp"},
    "30": {"id": "30", "name": "Orchestra Hit"},
    "31": {"id": "31", "name": "Nylon Guitar"},
    "32": {"id": "32", "name": "Steel Guitar"},
    "33": {"id": "33", "name": "Jazz Guitar"},
    "34": {"id": "34", "name": "Clean Guitar"},
    "35": {"id": "35", "name": "Muted Guitar"},
    "36": {"id": "36", "name": "Overdriven Guitar"},
    "37": {"id": "37", "name": "Distortion Guitar"},
    "38": {"id": "38", "name": "Guitar Harmonics"},
    "39": {"id": "39", "name": "Acoustic Bass"},
    "40": {"id": "40", "name": "Finger Bass"},
    "41": {"id": "41", "name": "Pick Bass"},
    "42": {"id": "42", "name": "Fretless Bass"},
    "43": {"id": "43", "name": "Slap Bass 1"},
    "44": {"id": "44", "name": "Slap Bass 2"},
    "45": {"id": "45", "name": "Synth Bass 1"},
    "46": {"id": "46", "name": "Synth Bass 2"},
    "47": {"id": "47", "name": "Choir Aahs"},
    "48": {"id": "48", "name": "Voice Oohs"},
    "49": {"id": "49", "name": "Synth Voice"},
    "50": {"id": "50", "name": "Trumpet"},
    "51": {"id": "51", "name": "Muted Trumpet"},
    "52": {"id": "52", "name": "Trombone"},
    "53": {"id": "53", "name": "French Horn"},
    "54": {"id": "54", "name": "Tuba"},
    "55": {"id": "55", "name": "Brass Section"},
    "56": {"id": "56", "name": "Synth Brass"},
    "57": {"id": "57", "name": "Funky Analog"},
    "58": {"id": "58", "name": "Techno Brass"},
    "59": {"id": "59", "name": "Synth Brass 1"},
    "60": {"id": "60", "name": "Synth Brass 2"},
    "61": {"id": "61", "name": "Tenor Sax"},
    "62": {"id": "62", "name": "Alto Sax"},
    "63": {"id": "63", "name": "Soprano Sax"},
    "64": {"id": "64", "name": "Baritone Sax"},
    "65": {"id": "65", "name": "Oboe"},
    "66": {"id": "66", "name": "Clarinet"},
    "67": {"id": "67", "name": "English Horn"},
    "68": {"id": "68", "name": "Bassoon"},
    "69": {"id": "69", "name": "Flute"},
    "70": {"id": "70", "name": "Piccolo"},
    "71": {"id": "71", "name": "Pan Flute"},
    "72": {"id": "72", "name": "Recorder"},
    "73": {"id": "73", "name": "Blown Bottle"},
    "74": {"id": "74", "name": "Shakuhachi"},
    "75": {"id": "75", "name": "Whistle"},
    "76": {"id": "76", "name": "Ocarina"},
    "77": {"id": "77", "name": "Funky Lead"},
    "78": {"id": "78", "name": "Portatone"},
    "79": {"id": "79", "name": "UnderHeim"},
    "80": {"id": "80", "name": "Square Lead"},
    "81": {"id": "81", "name": "Sawtooth Lead"},
    "82": {"id": "82", "name": "Calliope Lead"},
    "83": {"id": "83", "name": "Chiff Lead"},
    "84": {"id": "84", "name": "Charang Lead"},
    "85": {"id": "85", "name": "Voice Lead"},
    "86": {"id": "86", "name": "Fifths Lead"},
    "87": {"id": "87", "name": "Bass & Lead"},
    "88": {"id": "88", "name": "Fantasia"},
    "89": {"id": "89", "name": "Symbiont"},
    "90": {"id": "90", "name": "Sweet Heaven"},
    "91": {"id": "91", "name": "Dream Heaven"},
    "92": {"id": "92", "name": "New Age Pad"},
    "93": {"id": "93", "name": "Warm Pad"},
    "94": {"id": "94", "name": "Poly Synth Pad"},
    "95": {"id": "95", "name": "Choir Pad"},
    "96": {"id": "96", "name": "Bowed Pad"},
    "97": {"id": "97", "name": "Metallic Pad"},
    "98": {"id": "98", "name": "Halo Pad"},
    "99": {"id": "99", "name": "Sweep Pad"},
    "100": {"id": "100", "name": "Vibraphone"},
    "101": {"id": "101", "name": "Marimba"},
    "102": {"id": "102", "name": "Xylophone"},
    "103": {"id": "103", "name": "Steel Drums"},
    "104": {"id": "104", "name": "Celesta"},
    "105": {"id": "105", "name": "Music Box"},
    "106": {"id": "106", "name": "Tubular Bells"},
    "107": {"id": "107", "name": "Timpani"},
    "108": {"id": "108", "name": "Glockenspiel"},
    "109": {"id": "109", "name": "Tinkle Bell"},
    "110": {"id": "110", "name": "Agogo"},
    "111": {"id": "111", "name": "Woodblock"},
    "112": {"id": "112", "name": "Taiko Drum"},
    "113": {"id": "113", "name": "Melodic Tom"},
    "114": {"id": "114", "name": "Synth Drum"},
    "115": {"id": "115", "name": "Reverse Cymbal"},
    "116": {"id": "116", "name": "Sitar"},
    "117": {"id": "117", "name": "Dulcimer"},
    "118": {"id": "118", "name": "Banjo"},
    "119": {"id": "119", "name": "Shamisen"},
    "120": {"id": "120", "name": "Koto"},
    "121": {"id": "121", "name": "Kalimba"},
    "122": {"id": "122", "name": "Bagpipe"},
    "123": {"id": "123", "name": "Fiddle"},
    "124": {"id": "124", "name": "Shanai"},
    "125": {"id": "125", "name": "Rain"},
    "126": {"id": "126", "name": "Sound Track"},
    "127": {"id": "127", "name": "Crystal"},
    "128": {"id": "128", "name": "Atmosphere"},
    "129": {"id": "129", "name": "Brightness"},
    "130": {"id": "130", "name": "Goblins"},
    "131": {"id": "131", "name": "Echoes"},
    "132": {"id": "132", "name": "Sci-Fi"},
    "133": {"id": "133", "name": "Fret Noise"},
    "134": {"id": "134", "name": "Breath Noise"},
    "135": {"id": "135", "name": "Seashore"},
    "136": {"id": "136", "name": "Bird Tweet"},
    "137": {"id": "137", "name": "Telephone Ring"},
    "138": {"id": "138", "name": "Helicopter"},
    "139": {"id": "139", "name": "Applause"},
    "140": {"id": "140", "name": "Gunshot"}
}